{
  "2024-01-1": 3776.217377,
  "2024-01-2": 6267.089066,
  "2024-01-3": 1145.385313,
  "2024-01-4": 0,
  "2024-01-5": 0,
  "2024-01-6": 0
}