{
  "2024-03-3": 0,
  "2024-03-4": 818.594209,
  "2024-03-5": 9056.937206,
  "2024-03-6": 8887.097049,
  "2024-03-7": 2043.787042,
  "2024-03-8": 0,
  "2024-03-9": 0
}