{
  "2024-03-3": 0,
  "2024-03-4": 818.594209,
  "2024-03-5": 9056.937206,
  "2024-03-6": 8887.097049,
  "2024-03-7": 11465.704675,
  "2024-03-8": 12766.159982,
  "2024-03-9": 466.473695
}