{
  "2024-06-30": 5856.304246,
  "2024-07-1": 1712.644793,
  "2024-07-2": 0,
  "2024-07-3": 0,
  "2024-07-4": 0,
  "2024-07-5": 0,
  "2024-07-6": 0
}