{
  "2024-08-4": 916.626971,
  "2024-08-5": 2027.162009,
  "2024-08-6": 685.954837,
  "2024-08-7": 0,
  "2024-08-8": 2586.166992,
  "2024-08-9": 3922.066469,
  "2024-08-10": 6999.12245
}