{
  "2024-08-4": 916.626971,
  "2024-08-5": 2027.162009,
  "2024-08-6": 653.756892,
  "2024-08-7": 0,
  "2024-08-8": 0,
  "2024-08-9": 0,
  "2024-08-10": 0
}