{
  "2024-09-1": 0,
  "2024-09-2": 0,
  "2024-09-3": 0,
  "2024-09-4": 1912.704507,
  "2024-09-5": 1558.441925,
  "2024-09-6": 0,
  "2024-09-7": 0
}