{
  "2024-11-3": 224.057851,
  "2024-11-4": 2744.037145,
  "2024-11-5": 7778.172124,
  "2024-11-6": 5748.910292,
  "2024-11-7": 3960.166917,
  "2024-11-8": 0,
  "2024-11-9": 0
}