{
  "2024-11-3": 224.057851,
  "2024-11-4": 2744.037145,
  "2024-11-5": 3363.304938,
  "2024-11-6": 0,
  "2024-11-7": 0,
  "2024-11-8": 0,
  "2024-11-9": 0
}