{
  "2024-12-1": 1619.934761,
  "2024-12-2": 566.715485,
  "2024-12-3": 4073.060173,
  "2024-12-4": 837.791498,
  "2024-12-5": 8147.691577,
  "2024-12-6": 6714.932769,
  "2024-12-7": 5800.715158
}