{
  "2024-12-1": 1619.934761,
  "2024-12-2": 566.715485,
  "2024-12-3": 1458.939459,
  "2024-12-4": 0,
  "2024-12-5": 0,
  "2024-12-6": 0,
  "2024-12-7": 0
}