{
  "2024-12-1": 1619.934761,
  "2024-12-2": 566.715485,
  "2024-12-3": 4073.060173,
  "2024-12-4": 813.025099,
  "2024-12-5": 0,
  "2024-12-6": 0,
  "2024-12-7": 0
}