{
  "2024-12-1": 1619.934761,
  "2024-12-2": 46.280882,
  "2024-12-3": 0,
  "2024-12-4": 0,
  "2024-12-5": 0,
  "2024-12-6": 0,
  "2024-12-7": 0
}