{
  "2024-12-1": 1619.934761,
  "2024-12-2": 566.715485,
  "2024-12-3": 4073.060173,
  "2024-12-4": 837.791498,
  "2024-12-5": 8083.908205,
  "2024-12-6": 0,
  "2024-12-7": 0
}