{
  "2024-02-4": 1548.35997,
  "2024-02-5": 8155.686214,
  "2024-02-6": 5617.09842,
  "2024-02-7": 396.65781,
  "2024-02-8": 2434.259094,
  "2024-02-9": 2527.758879,
  "2024-02-10": 0
}