{
  "1": 3776.217377,
  "2": 6267.089066,
  "3": 6579.653783,
  "4": 2593.810077,
  "5": 0,
  "6": 2590.19966,
  "7": 3605.996566,
  "8": 3045.058696,
  "9": 1419.81701,
  "10": 3275.350429,
  "11": 6611.221349,
  "12": 1770.639226,
  "13": 11191.166982,
  "14": 1744.023602,
  "15": 3792.763311,
  "16": 983.696831,
  "17": 2637.999993,
  "18": 2193.417661,
  "19": 5090.99292,
  "20": 3867.764459,
  "21": 2046.916498,
  "22": 0,
  "23": 24.693843,
  "24": 915.118069,
  "25": 2675.903511,
  "26": 541.509416,
  "27": 0,
  "28": 1633.691948,
  "29": 2031.902638,
  "30": 10446.218209,
  "31": 1504.903637
}