{
  "1": 3776.217377,
  "2": 6267.089066,
  "3": 6579.653783,
  "4": 2593.810077,
  "5": 0,
  "6": 2590.19966,
  "7": 3605.996566,
  "8": 3045.058696,
  "9": 1419.81701,
  "10": 3275.350429,
  "11": 6611.221349,
  "12": 0,
  "13": 0,
  "14": 0,
  "15": 0,
  "16": 0,
  "17": 0,
  "18": 0,
  "19": 0,
  "20": 0,
  "21": 0,
  "22": 0,
  "23": 0,
  "24": 0,
  "25": 0,
  "26": 0,
  "27": 0,
  "28": 0,
  "29": 0,
  "30": 0
}