{
  "1": 5265.287052,
  "2": 10080.993729,
  "3": 8111.995405,
  "4": 1548.35997,
  "5": 8155.686214,
  "6": 5617.09842,
  "7": 396.65781,
  "8": 2434.259094,
  "9": 2527.758879,
  "10": 2174.122824,
  "11": 586.799455,
  "12": 4801.073142,
  "13": 282.834,
  "14": 35.5161,
  "15": 4395.989723,
  "16": 6284.185314,
  "17": 8144.444293,
  "18": 6642.833846,
  "19": 976.804109,
  "20": 3258.236764,
  "21": 3737.911983,
  "22": 1331.096948,
  "23": 2429.369091,
  "24": 4879.149775,
  "25": 0,
  "26": 0,
  "27": 0,
  "28": 0
}