{
  "1": 5265.287052,
  "2": 10080.993729,
  "3": 8111.995405,
  "4": 1548.35997,
  "5": 8155.686214,
  "6": 5617.09842,
  "7": 396.65781,
  "8": 2434.259094,
  "9": 2527.758879,
  "10": 2174.122824,
  "11": 586.799455,
  "12": 4649.254825,
  "13": 282.834,
  "14": 0,
  "15": 0,
  "16": 0,
  "17": 0,
  "18": 0,
  "19": 0,
  "20": 0,
  "21": 0,
  "22": 0,
  "23": 0,
  "24": 0,
  "25": 0,
  "26": 0,
  "27": 0,
  "28": 0
}