{
  "1": 3457.214542,
  "2": 6179.954009,
  "3": 0,
  "4": 818.594209,
  "5": 9056.937206,
  "6": 8887.097049,
  "7": 11465.704675,
  "8": 12766.159982,
  "9": 466.473695,
  "10": 0,
  "11": 0,
  "12": 0,
  "13": 0,
  "14": 0,
  "15": 0,
  "16": 0,
  "17": 0,
  "18": 0,
  "19": 0,
  "20": 0,
  "21": 0,
  "22": 0,
  "23": 0,
  "24": 0,
  "25": 0,
  "26": 0,
  "27": 0,
  "28": 0,
  "29": 0,
  "30": 0
}