{
  "1": 3457.214542,
  "2": 6179.954009,
  "3": 0,
  "4": 818.594209,
  "5": 9056.937206,
  "6": 8887.097049,
  "7": 11465.704675,
  "8": 12766.159982,
  "9": 1936.315538,
  "10": 2064.951348,
  "11": 1688.100725,
  "12": 2621.953686,
  "13": 5516.929008,
  "14": 7243.711965,
  "15": 5800.432366,
  "16": 2176.852306,
  "17": 2165.287253,
  "18": 4573.743398,
  "19": 2686.065312,
  "20": 1429.993868,
  "21": 2194.600646,
  "22": 1128.658128,
  "23": 646.63491,
  "24": 0,
  "25": 0,
  "26": 0,
  "27": 0,
  "28": 0,
  "29": 0,
  "30": 0
}