{
  "1": 0,
  "2": 0,
  "3": 0,
  "4": 0,
  "5": 3936.121634,
  "6": 0,
  "7": 3911.763978,
  "8": 749.458931,
  "9": 3266.082548,
  "10": 0,
  "11": 343.128978,
  "12": 3618.228989,
  "13": 3976.352156,
  "14": 0,
  "15": 0,
  "16": 0,
  "17": 0,
  "18": 0,
  "19": 0,
  "20": 0,
  "21": 0,
  "22": 0,
  "23": 0,
  "24": 0,
  "25": 0,
  "26": 0,
  "27": 0,
  "28": 0,
  "29": 0
}