{
  "1": 0,
  "2": 0,
  "3": 0,
  "4": 0,
  "5": 3936.121634,
  "6": 0,
  "7": 3911.763978,
  "8": 749.458931,
  "9": 3266.082548,
  "10": 0,
  "11": 343.128978,
  "12": 3618.228989,
  "13": 3976.352156,
  "14": 986.878893,
  "15": 1168.722951,
  "16": 0,
  "17": 3110.196447,
  "18": 0,
  "19": 3162.341337,
  "20": 1861.408905,
  "21": 95.956584,
  "22": 1166.18195,
  "23": 284.929261,
  "24": 78.893469,
  "25": 31.622653,
  "26": 396.175767,
  "27": 0,
  "28": 0,
  "29": 0
}