{
  "1": 3697.194514,
  "2": 660.395751,
  "3": 3272.218551,
  "4": 6927.294292,
  "5": 0,
  "6": 1082.776061,
  "7": 148.204299,
  "8": 0,
  "9": 1667.416425,
  "10": 7241.742371,
  "11": 3814.503955,
  "12": 4611.04734,
  "13": 2691.500918,
  "14": 538.999613,
  "15": 155.199973,
  "16": 3210.033401,
  "17": 3699.891764,
  "18": 1002.002574,
  "19": 5929.190442,
  "20": 1959.454718,
  "21": 2153.919235,
  "22": 4802.987569,
  "23": 6339.959615,
  "24": 5745.290575,
  "25": 463.476162,
  "26": 0,
  "27": 0,
  "28": 0,
  "29": 0,
  "30": 0
}