{
  "1": 633.712547,
  "2": 1465.762055,
  "3": 0,
  "4": 0,
  "5": 0,
  "6": 1121.111177,
  "7": 0,
  "8": 0,
  "9": 0,
  "10": 29.37544,
  "11": 0,
  "12": 0,
  "13": 3713.754254,
  "14": 746.574109,
  "15": 0,
  "16": 0,
  "17": 0,
  "18": 0,
  "19": 0,
  "20": 0,
  "21": 4560.685586,
  "22": 146.500237,
  "23": 0,
  "24": 0,
  "25": 0,
  "26": 0,
  "27": 0,
  "28": 0,
  "29": 0
}