{
  "1": 14950.216115,
  "2": 5248.956645,
  "3": 3831.456269,
  "4": 0,
  "5": 6186.952337,
  "6": 4333.545713,
  "7": 5433.389546,
  "8": 2187.656711,
  "9": 3819.519404,
  "10": 1250.786438,
  "11": 6520.876136,
  "12": 763.346807,
  "13": 10899.407054,
  "14": 1979.573517,
  "15": 0,
  "16": 4321.426645,
  "17": 246.293716,
  "18": 342.307,
  "19": 1889.12006,
  "20": 2160.455888,
  "21": 5145.705786,
  "22": 4725.326961,
  "23": 811.516798,
  "24": 2845.205563,
  "25": 8845.096364,
  "26": 0,
  "27": 0,
  "28": 0,
  "29": 0,
  "30": 0
}