{
  "1": 14950.216115,
  "2": 5248.956645,
  "3": 3831.456269,
  "4": 0,
  "5": 6186.952337,
  "6": 4333.545713,
  "7": 5433.389546,
  "8": 2187.656711,
  "9": 3819.519404,
  "10": 1250.786438,
  "11": 6520.876136,
  "12": 763.346807,
  "13": 10899.407054,
  "14": 1979.573517,
  "15": 0,
  "16": 4321.426645,
  "17": 0,
  "18": 0,
  "19": 0,
  "20": 0,
  "21": 0,
  "22": 0,
  "23": 0,
  "24": 0,
  "25": 0,
  "26": 0,
  "27": 0,
  "28": 0,
  "29": 0,
  "30": 0
}