{
  "1": 1203.437405,
  "2": 0,
  "3": 3158.324597,
  "4": 916.626971,
  "5": 2027.162009,
  "6": 685.954837,
  "7": 0,
  "8": 2586.166992,
  "9": 3922.066469,
  "10": 6999.12245,
  "11": 8040.903895,
  "12": 3281.910183,
  "13": 2196.433608,
  "14": 1041.269696,
  "15": 5240.601483,
  "16": 4730.597351,
  "17": 1975.691528,
  "18": 3862.260127,
  "19": 1012.789875,
  "20": 1524.904102,
  "21": 0,
  "22": 0,
  "23": 0,
  "24": 0,
  "25": 0,
  "26": 0,
  "27": 0,
  "28": 0,
  "29": 0,
  "30": 0
}