{
  "1": 0,
  "2": 0,
  "3": 0,
  "4": 1912.704507,
  "5": 1645.147489,
  "6": 310.053843,
  "7": 2671.029393,
  "8": 587.01801,
  "9": 0,
  "10": 0,
  "11": 128.868647,
  "12": 1115.333425,
  "13": 0,
  "14": 1171.948682,
  "15": 0,
  "16": 947.011957,
  "17": 0,
  "18": 0,
  "19": 0,
  "20": 3964.367412,
  "21": 984.202684,
  "22": 0,
  "23": 0,
  "24": 0,
  "25": 0,
  "26": 0,
  "27": 0,
  "28": 0,
  "29": 0
}