{
  "1": 2295.056762,
  "2": 4353.570153,
  "3": 5256.963391,
  "4": 1280.880891,
  "5": 487.386911,
  "6": 2020.244608,
  "7": 3229.566963,
  "8": 1276.762774,
  "9": 2841.690521,
  "10": 2021.759977,
  "11": 115.831301,
  "12": 0,
  "13": 1077.018493,
  "14": 11836.544,
  "15": 7233.189185,
  "16": 19489.932768,
  "17": 13048.688178,
  "18": 9772.938995,
  "19": 572.837565,
  "20": 9522.796465,
  "21": 15997.666553,
  "22": 8969.430651,
  "23": 6905.499684,
  "24": 8993.952943,
  "25": 8290.473324,
  "26": 0,
  "27": 0,
  "28": 0,
  "29": 0,
  "30": 0
}