{
  "1": 2295.056762,
  "2": 4353.570153,
  "3": 5256.963391,
  "4": 1280.880891,
  "5": 487.386911,
  "6": 2020.244608,
  "7": 3229.566963,
  "8": 1276.762774,
  "9": 2824.216441,
  "10": 0,
  "11": 0,
  "12": 0,
  "13": 0,
  "14": 0,
  "15": 0,
  "16": 0,
  "17": 0,
  "18": 0,
  "19": 0,
  "20": 0,
  "21": 0,
  "22": 0,
  "23": 0,
  "24": 0,
  "25": 0,
  "26": 0,
  "27": 0,
  "28": 0,
  "29": 0,
  "30": 0
}