{
  "1": 3256.81268,
  "2": 2684.528477,
  "3": 224.057851,
  "4": 2744.037145,
  "5": 7778.172124,
  "6": 5748.910292,
  "7": 3960.166917,
  "8": 0,
  "9": 0,
  "10": 0,
  "11": 0,
  "12": 0,
  "13": 0,
  "14": 0,
  "15": 0,
  "16": 0,
  "17": 0,
  "18": 0,
  "19": 0,
  "20": 0,
  "21": 0,
  "22": 0,
  "23": 0,
  "24": 0,
  "25": 0,
  "26": 0,
  "27": 0,
  "28": 0,
  "29": 0
}