{
  "1": 3256.81268,
  "2": 2684.528477,
  "3": 224.057851,
  "4": 2744.037145,
  "5": 7778.172124,
  "6": 5748.910292,
  "7": 9806.090973,
  "8": 2758.391397,
  "9": 3060.425061,
  "10": 1424.64261,
  "11": 5899.570529,
  "12": 5313.639749,
  "13": 5023.418323,
  "14": 1602.131045,
  "15": 631.56218,
  "16": 2117.560569,
  "17": 0,
  "18": 0,
  "19": 0,
  "20": 0,
  "21": 0,
  "22": 0,
  "23": 0,
  "24": 0,
  "25": 0,
  "26": 0,
  "27": 0,
  "28": 0,
  "29": 0
}