{
  "1": 3256.81268,
  "2": 2684.528477,
  "3": 224.057851,
  "4": 2744.037145,
  "5": 7778.172124,
  "6": 5748.910292,
  "7": 9806.090973,
  "8": 2758.391397,
  "9": 3060.425061,
  "10": 1424.64261,
  "11": 5899.570529,
  "12": 5313.639749,
  "13": 5023.418323,
  "14": 1602.131045,
  "15": 631.56218,
  "16": 2117.560569,
  "17": 7348.051839,
  "18": 7966.370222,
  "19": 9323.851752,
  "20": 5370.28343,
  "21": 11936.246184,
  "22": 14451.482905,
  "23": 10030.521265,
  "24": 6938.676685,
  "25": 9727.75851,
  "26": 5725.364835,
  "27": 13694.327934,
  "28": 11250.496889,
  "29": 13503.100754,
  "30": 8848.525302
}