{
  "1": 1619.934761,
  "2": 566.715485,
  "3": 4073.060173,
  "4": 837.791498,
  "5": 8147.691577,
  "6": 6714.932769,
  "7": 5800.715158,
  "8": 4849.433089,
  "9": 3257.843403,
  "10": 658.167507,
  "11": 1011.496021,
  "12": 3424.172694,
  "13": 8339.09442,
  "14": 7926.194411,
  "15": 3306.700994,
  "16": 3576.204694,
  "17": 5191.081819,
  "18": 2727.630148,
  "19": 4916.204487,
  "20": 5910.459952,
  "21": 0,
  "22": 0,
  "23": 0,
  "24": 0,
  "25": 0,
  "26": 0,
  "27": 0,
  "28": 0,
  "29": 0,
  "30": 0
}