{
  "1": 1619.934761,
  "2": 566.715485,
  "3": 4073.060173,
  "4": 837.791498,
  "5": 8147.691577,
  "6": 6714.932769,
  "7": 5800.715158,
  "8": 4849.433089,
  "9": 3257.843403,
  "10": 658.167507,
  "11": 0,
  "12": 0,
  "13": 0,
  "14": 0,
  "15": 0,
  "16": 0,
  "17": 0,
  "18": 0,
  "19": 0,
  "20": 0,
  "21": 0,
  "22": 0,
  "23": 0,
  "24": 0,
  "25": 0,
  "26": 0,
  "27": 0,
  "28": 0,
  "29": 0,
  "30": 0
}