{
  "1": 0,
  "2": 0,
  "3": 0,
  "4": 0,
  "5": 0,
  "6": 0,
  "7": 2922.888057,
  "8": 386.420906,
  "9": 8329.162424,
  "10": 3688.397149,
  "11": 81.826572,
  "12": 0,
  "13": 5594.871923,
  "14": 2680.793287,
  "15": 282.207167,
  "16": 1641.062119,
  "17": 10354.375177,
  "18": 848.446696,
  "19": 0,
  "20": 0,
  "21": 0,
  "22": 0,
  "23": 0,
  "24": 0,
  "25": 0,
  "26": 0,
  "27": 0,
  "28": 0,
  "29": 0
}