{
  "1": 6575.580185,
  "2": 3106.049374,
  "3": 1228.854903,
  "4": 2523.126582,
  "5": 1489.08309,
  "6": 50.683438,
  "7": 2441.580183,
  "8": 1193.566887,
  "9": 0,
  "10": 1431.183289,
  "11": 7084.940701,
  "12": 3444.366927,
  "13": 4898.922038,
  "14": 621.920618,
  "15": 2275.464716,
  "16": 8004.42945,
  "17": 9427.364614,
  "18": 5035.503564,
  "19": 10408.920498,
  "20": 8270.57616,
  "21": 0,
  "22": 0,
  "23": 0,
  "24": 0,
  "25": 0,
  "26": 0,
  "27": 0,
  "28": 0,
  "29": 0,
  "30": 0
}