{
  "1": 6575.580185,
  "2": 3106.049374,
  "3": 1228.854903,
  "4": 2523.126582,
  "5": 1489.08309,
  "6": 50.683438,
  "7": 2441.580183,
  "8": 1193.566887,
  "9": 0,
  "10": 1431.183289,
  "11": 7084.940701,
  "12": 0,
  "13": 0,
  "14": 0,
  "15": 0,
  "16": 0,
  "17": 0,
  "18": 0,
  "19": 0,
  "20": 0,
  "21": 0,
  "22": 0,
  "23": 0,
  "24": 0,
  "25": 0,
  "26": 0,
  "27": 0,
  "28": 0,
  "29": 0,
  "30": 0
}