{
  "1": 21961.762346,
  "2": 17622.380851,
  "3": 6553,
  "4": 6111.61992,
  "5": 15142,
  "6": 12991,
  "7": 9395.114312,
  "8": 12939,
  "9": 6020.48901,
  "10": 7078,
  "11": 5488.110605,
  "12": 6087,
  "13": 12265.363935,
  "14": 9803,
  "15": 2989.34573,
  "16": 9258.266216,
  "17": 2758.247735,
  "18": 3385,
  "19": 3326,
  "20": 6438,
  "21": 5919.830422,
  "22": 0,
  "23": 0,
  "24": 0,
  "25": 0,
  "26": 0,
  "27": 0,
  "28": 0,
  "29": 0
}