{
  "1": 10207.616731,
  "2": 6673.024241,
  "3": 17617,
  "4": 24494.309286,
  "5": 15068.078853,
  "6": 17236,
  "7": 17046.50005,
  "8": 9009.145857,
  "9": 19002,
  "10": 6887.942759,
  "11": 19866,
  "12": 16518.405452,
  "13": 18048,
  "14": 17425.817555,
  "15": 16770.379905,
  "16": 6884.775576,
  "17": 8551,
  "18": 10867.245549,
  "19": 3080.189264,
  "20": 3778.800415,
  "21": 10365,
  "22": 10258.75887,
  "23": 12967.270029,
  "24": 1426,
  "25": 10191.429825,
  "26": 13419.665976,
  "27": 13163.437583,
  "28": 0,
  "29": 0,
  "30": 0
}