{
  "1": 10207.616731,
  "2": 6673.024241,
  "3": 17617,
  "4": 24494.309286,
  "5": 15068.078853,
  "6": 17236,
  "7": 17046.50005,
  "8": 9009.145857,
  "9": 19002,
  "10": 6887.942759,
  "11": 19866,
  "12": 16518.405452,
  "13": 18048,
  "14": 17425.817555,
  "15": 16770.379905,
  "16": 6884.775576,
  "17": 8551,
  "18": 10867.245549,
  "19": 0,
  "20": 0,
  "21": 0,
  "22": 0,
  "23": 0,
  "24": 0,
  "25": 0,
  "26": 0,
  "27": 0,
  "28": 0,
  "29": 0,
  "30": 0
}