{
  "1": 17702.299566,
  "2": 2334.478544,
  "3": 4815.910682,
  "4": 8115.957126,
  "5": 2082.29776,
  "6": 0,
  "7": 0,
  "8": 0,
  "9": 0,
  "10": 0,
  "11": 0,
  "12": 10239.812253,
  "13": 4965.398285,
  "14": 9739.814987,
  "15": 5669.905481,
  "16": 12776.56164,
  "17": 10544.026281,
  "18": 3525.367314,
  "19": 3602.354233,
  "20": 856.290915,
  "21": 2747.23043,
  "22": 5884.756705,
  "23": 0,
  "24": 0,
  "25": 0,
  "26": 0,
  "27": 0,
  "28": 0,
  "29": 0,
  "30": 0
}