{
  "1": 6861.298403,
  "2": 839.898438,
  "3": 6295.467812,
  "4": 4819.707146,
  "5": 8026.730794,
  "6": 397.034482,
  "7": 3606.831803,
  "8": 1222.053082,
  "9": 7427.777046,
  "10": 1909.45575,
  "11": 3431.169283,
  "12": 131.052253,
  "13": 0,
  "14": 0,
  "15": 2620.858831,
  "16": 6119.390422,
  "17": 9046.524599,
  "18": 2210.914147,
  "19": 6484.944867,
  "20": 3292.338223,
  "21": 1918.898137,
  "22": 0,
  "23": 8290.598421,
  "24": 5528.045505,
  "25": 0,
  "26": 4011.218193,
  "27": 4259.509306,
  "28": 0,
  "29": 0
}