{
  "1": 0,
  "2": 0,
  "3": 0,
  "4": 0,
  "5": 0,
  "6": 0,
  "7": 0,
  "8": 0,
  "9": 0,
  "10": 0,
  "11": 1366.030705,
  "12": 8764.825762,
  "13": 538.748002,
  "14": 3920.102178,
  "15": 4224.771393,
  "16": 1420.652741,
  "17": 7762.80864,
  "18": 2490.002764,
  "19": 1345.287108,
  "20": 0,
  "21": 4458.988844,
  "22": 436.043006,
  "23": 0,
  "24": 17.838552,
  "25": 1055.193172,
  "26": 3358.696923,
  "27": 7002.758926,
  "28": 219.553102,
  "29": 0,
  "30": 1063.068977
}