{
  "1": 5300.891539,
  "2": 3765.078334,
  "3": 4104.006018,
  "4": 1599.372426,
  "5": 3486.768343,
  "6": 6277.586427,
  "7": 2025.380483,
  "8": 0,
  "9": 0,
  "10": 1492.3428,
  "11": 1714.993012,
  "12": 3028.403469,
  "13": 1289.250639,
  "14": 366.369974,
  "15": 750.473544,
  "16": 0,
  "17": 601.318931,
  "18": 0,
  "19": 0,
  "20": 0,
  "21": 0,
  "22": 0,
  "23": 0,
  "24": 0,
  "25": 0,
  "26": 0,
  "27": 0,
  "28": 0,
  "29": 0
}