{
  "1": 234.762853,
  "2": 0,
  "3": 3054.489454,
  "4": 2533.947325,
  "5": 49.611004,
  "6": 0,
  "7": 0,
  "8": 0,
  "9": 0,
  "10": 166.601852,
  "11": 0,
  "12": 0,
  "13": 0,
  "14": 0,
  "15": 0,
  "16": 0,
  "17": 0,
  "18": 0,
  "19": 0,
  "20": 0,
  "21": 0,
  "22": 0,
  "23": 0,
  "24": 0,
  "25": 0,
  "26": 0,
  "27": 0,
  "28": 0,
  "29": 0,
  "30": 0
}