{
  "1": 234.762853,
  "2": 0,
  "3": 3054.489454,
  "4": 2533.947325,
  "5": 49.611004,
  "6": 0,
  "7": 0,
  "8": 0,
  "9": 0,
  "10": 166.601852,
  "11": 898.641521,
  "12": 8292.744243,
  "13": 1586.207214,
  "14": 4952.34434,
  "15": 10713.888779,
  "16": 7514.728639,
  "17": 15084.770572,
  "18": 1906.923473,
  "19": 1292.920883,
  "20": 10956.465309,
  "21": 1989.907124,
  "22": 0,
  "23": 0,
  "24": 0,
  "25": 0,
  "26": 0,
  "27": 0,
  "28": 0,
  "29": 0,
  "30": 0
}