{
  "1": 234.762853,
  "2": 0,
  "3": 3054.489454,
  "4": 2533.947325,
  "5": 49.611004,
  "6": 0,
  "7": 0,
  "8": 0,
  "9": 0,
  "10": 166.601852,
  "11": 898.641521,
  "12": 8292.744243,
  "13": 1586.207214,
  "14": 4952.34434,
  "15": 10713.888779,
  "16": 7514.728639,
  "17": 15084.770572,
  "18": 1906.923473,
  "19": 1292.920883,
  "20": 10956.465309,
  "21": 14720.644606,
  "22": 8014.82786,
  "23": 7878.809436,
  "24": 4128.167261,
  "25": 0,
  "26": 6045.069764,
  "27": 9136.676931,
  "28": 4136.69046,
  "29": 958.856742,
  "30": 5969.353246,
  "31": 187.442845
}