{
  "2023-04-30": 4212.634368,
  "2023-05-1": 6575.580185,
  "2023-05-2": 3106.049374,
  "2023-05-3": 1228.854903,
  "2023-05-4": 2523.126582,
  "2023-05-5": 1489.08309,
  "2023-05-6": 50.683438
}