{
  "2023-06-4": 6111.61992,
  "2023-06-5": 15142,
  "2023-06-6": 12991,
  "2023-06-7": 9395.114312,
  "2023-06-8": 12939,
  "2023-06-9": 0,
  "2023-06-10": 0
}