{
  "2023-07-2": 6673.024241,
  "2023-07-3": 17617,
  "2023-07-4": 24494.309286,
  "2023-07-5": 15068.078853,
  "2023-07-6": 17236,
  "2023-07-7": 813,
  "2023-07-8": 0
}