{
  "2023-09-3": 6295.467812,
  "2023-09-4": 4819.707146,
  "2023-09-5": 8026.730794,
  "2023-09-6": 397.034482,
  "2023-09-7": 3606.831803,
  "2023-09-8": 1222.053082,
  "2023-09-9": 7427.777046
}