{
  "2023-09-3": 6295.467812,
  "2023-09-4": 4819.707146,
  "2023-09-5": 8026.730794,
  "2023-09-6": 0,
  "2023-09-7": 0,
  "2023-09-8": 0,
  "2023-09-9": 0
}