{
  "2023-12-3": 3054.489454,
  "2023-12-4": 2533.947325,
  "2023-12-5": 49.611004,
  "2023-12-6": 0,
  "2023-12-7": 0,
  "2023-12-8": 0,
  "2023-12-9": 0
}