{
  "1": 0,
  "2": 3319.423641,
  "3": 8042.128767,
  "4": 12870.613735,
  "5": 13165.907953,
  "6": 4956.65087,
  "7": 3348.420625,
  "8": 10901.501496,
  "9": 1902.915152,
  "10": 563.50438,
  "11": 5408.971193,
  "12": 6044.384282,
  "13": 5758.452689,
  "14": 15670.021167,
  "15": 9756.803721,
  "16": 5510.198595,
  "17": 9775.713497,
  "18": 6627.55924,
  "19": 3086.248683,
  "20": 0,
  "21": 0,
  "22": 0,
  "23": 0,
  "24": 0,
  "25": 0,
  "26": 0,
  "27": 0,
  "28": 0,
  "29": 0,
  "30": 0
}