{
  "1": 0,
  "2": 3319.423641,
  "3": 8042.128767,
  "4": 12870.613735,
  "5": 13165.907953,
  "6": 4956.65087,
  "7": 3348.420625,
  "8": 10901.501496,
  "9": 1902.915152,
  "10": 563.50438,
  "11": 4352.865746,
  "12": 0,
  "13": 0,
  "14": 0,
  "15": 0,
  "16": 0,
  "17": 0,
  "18": 0,
  "19": 0,
  "20": 0,
  "21": 0,
  "22": 0,
  "23": 0,
  "24": 0,
  "25": 0,
  "26": 0,
  "27": 0,
  "28": 0,
  "29": 0,
  "30": 0
}