{
  "1": 2123.312028,
  "2": 11733.232362,
  "3": 6948.825983,
  "4": 6574.77343,
  "5": 4835.948166,
  "6": 7465.419753,
  "7": 5491.970583,
  "8": 1577.236356,
  "9": 2461.063365,
  "10": 465.033258,
  "11": 3182.425086,
  "12": 11073.039289,
  "13": 11964.907759,
  "14": 4920.931487,
  "15": 7537.597565,
  "16": 454.852389,
  "17": 6918.975031,
  "18": 7382.817534,
  "19": 2676.918959,
  "20": 4007.221562,
  "21": 9380.915054,
  "22": 2220.889111,
  "23": 0,
  "24": 0,
  "25": 0,
  "26": 0,
  "27": 0
}