{
  "1": 2123.312028,
  "2": 11733.232362,
  "3": 6948.825983,
  "4": 6574.77343,
  "5": 4835.948166,
  "6": 7465.419753,
  "7": 5491.970583,
  "8": 1577.236356,
  "9": 2461.063365,
  "10": 465.033258,
  "11": 1045.238381,
  "12": 0,
  "13": 0,
  "14": 0,
  "15": 0,
  "16": 0,
  "17": 0,
  "18": 0,
  "19": 0,
  "20": 0,
  "21": 0,
  "22": 0,
  "23": 0,
  "24": 0,
  "25": 0,
  "26": 0,
  "27": 0
}