{
  "1": 7558.191112,
  "2": 4838.21459,
  "3": 5115.65589,
  "4": 1612.229286,
  "5": 8821.872159,
  "6": 5164.511617,
  "7": 3808.816201,
  "8": 1944.148221,
  "9": 5075.338994,
  "10": 3325.403835,
  "11": 6623.600064,
  "12": 1079.87732,
  "13": 1805.740652,
  "14": 1650.957886,
  "15": 693.784846,
  "16": 544.301752,
  "17": 1419.06249,
  "18": 982.733377,
  "19": 5457.896808,
  "20": 0,
  "21": 5562.587648,
  "22": 3871.238901,
  "23": 6517.846789,
  "24": 2288.240743,
  "25": 24.433636,
  "26": 0,
  "27": 8345.807919,
  "28": 860.696251,
  "29": 2332.129208,
  "30": 272.433544
}