{
  "1": 7558.191112,
  "2": 4838.21459,
  "3": 5115.65589,
  "4": 1612.229286,
  "5": 8821.872159,
  "6": 5164.511617,
  "7": 3808.816201,
  "8": 1944.148221,
  "9": 5075.338994,
  "10": 3325.403835,
  "11": 1673.096602,
  "12": 0,
  "13": 0,
  "14": 0,
  "15": 0,
  "16": 0,
  "17": 0,
  "18": 0,
  "19": 0,
  "20": 0,
  "21": 0,
  "22": 0,
  "23": 0,
  "24": 0,
  "25": 0,
  "26": 0,
  "27": 0,
  "28": 0,
  "29": 0,
  "30": 0
}