{
  "1": 7558.191112,
  "2": 4838.21459,
  "3": 5115.65589,
  "4": 1612.229286,
  "5": 8821.872159,
  "6": 5164.511617,
  "7": 3808.816201,
  "8": 1944.148221,
  "9": 5075.338994,
  "10": 3325.403835,
  "11": 6623.600064,
  "12": 1079.87732,
  "13": 1805.740652,
  "14": 1650.957886,
  "15": 693.784846,
  "16": 544.301752,
  "17": 1419.06249,
  "18": 982.733377,
  "19": 4768.861386,
  "20": 0,
  "21": 0,
  "22": 0,
  "23": 0,
  "24": 0,
  "25": 0,
  "26": 0,
  "27": 0,
  "28": 0,
  "29": 0,
  "30": 0
}