{
  "1": 1868.99201,
  "2": 7684.844031,
  "3": 1677.26336,
  "4": 779.171042,
  "5": 961.311231,
  "6": 1589.892079,
  "7": 1413.967142,
  "8": 987.589558,
  "9": 0,
  "10": 8340.725426,
  "11": 481.783269,
  "12": 2182.43775,
  "13": 5754.724857,
  "14": 0,
  "15": 0,
  "16": 0,
  "17": 0,
  "18": 0,
  "19": 0,
  "20": 0,
  "21": 0,
  "22": 0,
  "23": 0,
  "24": 0,
  "25": 0,
  "26": 0,
  "27": 0,
  "28": 0,
  "29": 0
}