{
  "1": 0,
  "2": 0,
  "3": 469.983034,
  "4": 0,
  "5": 0,
  "6": 0,
  "7": 0,
  "8": 0,
  "9": 0,
  "10": 0,
  "11": 487.977369,
  "12": 476.216311,
  "13": 2909.782182,
  "14": 670.466272,
  "15": 2110.330981,
  "16": 0,
  "17": 0,
  "18": 0,
  "19": 0,
  "20": 0,
  "21": 0,
  "22": 2517.422431,
  "23": 1063.211774,
  "24": 6122.872024,
  "25": 1105.772171,
  "26": 0,
  "27": 0,
  "28": 2324.727013,
  "29": 2077.432887,
  "30": 0
}