{
  "1": 0,
  "2": 0,
  "3": 0,
  "4": 2883.213923,
  "5": 0,
  "6": 0,
  "7": 389.699765,
  "8": 7608.172933,
  "9": 716.26026,
  "10": 1440.379605,
  "11": 1674.7995,
  "12": 6540.573218,
  "13": 318.527071,
  "14": 0,
  "15": 2240.657904,
  "16": 0,
  "17": 8622.730699,
  "18": 6071.843959,
  "19": 7289.853096,
  "20": 2159.619709,
  "21": 2757.162969,
  "22": 0,
  "23": 0,
  "24": 0,
  "25": 0,
  "26": 0,
  "27": 0,
  "28": 0,
  "29": 0
}