{
  "1": 0,
  "2": 10496.186255,
  "3": 12782.875576,
  "4": 12092.325445,
  "5": 6116.935904,
  "6": 12389.929571,
  "7": 6913.132111,
  "8": 2.015137,
  "9": 0,
  "10": 0,
  "11": 0,
  "12": 0,
  "13": 0,
  "14": 0,
  "15": 0,
  "16": 0,
  "17": 0,
  "18": 0,
  "19": 0,
  "20": 0,
  "21": 0,
  "22": 0,
  "23": 0,
  "24": 0,
  "25": 0,
  "26": 0,
  "27": 0,
  "28": 0,
  "29": 0,
  "30": 0
}