{
  "1": 0,
  "2": 10496.186255,
  "3": 12782.875576,
  "4": 12092.325445,
  "5": 6116.935904,
  "6": 12389.929571,
  "7": 6913.132111,
  "8": 8201.804763,
  "9": 10187.038155,
  "10": 7523.714484,
  "11": 15465.032332,
  "12": 5522.458747,
  "13": 1257.69969,
  "14": 4591.066875,
  "15": 5603.310141,
  "16": 2580.871633,
  "17": 5817.110351,
  "18": 4482.106846,
  "19": 4843.220354,
  "20": 3242.021771,
  "21": 4750.307269,
  "22": 0,
  "23": 0,
  "24": 0,
  "25": 0,
  "26": 0,
  "27": 0,
  "28": 0,
  "29": 0,
  "30": 0
}