{
  "1": 0,
  "2": 0,
  "3": 0,
  "4": 66456.691329,
  "5": 246827.80324,
  "6": 152447.186709,
  "7": 0,
  "8": 0,
  "9": 0,
  "10": 0,
  "11": 0,
  "12": 0
}