{
  "1": 0,
  "2": 0,
  "3": 0,
  "4": 66456.691329,
  "5": 17582.071780000002,
  "6": 0,
  "7": 0,
  "8": 0,
  "9": 0,
  "10": 0,
  "11": 0,
  "12": 0
}