{
  "1": 0,
  "2": 0,
  "3": 0,
  "4": 66456.691329,
  "5": 246827.80324,
  "6": 262020.725631,
  "7": 380900.264327,
  "8": 127842.08317600001,
  "9": 98751.716943,
  "10": 18814.478039999998,
  "11": 0,
  "12": 0
}