{
  "1": 94865.20036100001,
  "2": 118862.926693,
  "3": 122503.55665100004,
  "4": 31716.647010999997,
  "5": 0,
  "6": 0,
  "7": 0,
  "8": 0,
  "9": 0,
  "10": 0,
  "11": 0,
  "12": 0
}