{
  "1": 94865.20036100001,
  "2": 118862.926693,
  "3": 122503.55665100004,
  "4": 33530.14758899999,
  "5": 80017.442754,
  "6": 28363.796642,
  "7": 114370.89765399999,
  "8": 69684.66001600002,
  "9": 20961.286713,
  "10": 179356.087158,
  "11": 196189.009511,
  "12": 27114.676376
}