{
  "1": 94865.20036100001,
  "2": 118862.926693,
  "3": 122503.55665100004,
  "4": 33530.14758899999,
  "5": 80017.442754,
  "6": 15471.919968,
  "7": 0,
  "8": 0,
  "9": 0,
  "10": 0,
  "11": 0,
  "12": 0
}