{
  "1": 94865.20036100001,
  "2": 118862.926693,
  "3": 56632.92855800001,
  "4": 0,
  "5": 0,
  "6": 0,
  "7": 0,
  "8": 0,
  "9": 0,
  "10": 0,
  "11": 0,
  "12": 0
}