{
  "1": 162970.97337999998,
  "2": 168393.25886800003,
  "3": 97597.751739,
  "4": 36882.189994,
  "5": 25226.51395,
  "6": 70486.758473,
  "7": 53878.252751,
  "8": 0,
  "9": 0,
  "10": 0,
  "11": 0,
  "12": 0
}