{
  "1": 162970.97337999998,
  "2": 168393.25886800003,
  "3": 85786.684817,
  "4": 0,
  "5": 0,
  "6": 0,
  "7": 0,
  "8": 0,
  "9": 0,
  "10": 0,
  "11": 0,
  "12": 0
}