{
  "2025-01-1": 0,
  "2025-01-2": 3319.423641,
  "2025-01-3": 571.992358,
  "2025-01-4": 0
}