{
  "2025-01-1": 0,
  "2025-01-2": 3319.423641,
  "2025-01-3": 8042.128767,
  "2025-01-4": 12870.613735
}