{
  "2025-03-2": 4838.21459,
  "2025-03-3": 5115.65589,
  "2025-03-4": 1612.229286,
  "2025-03-5": 8821.872159,
  "2025-03-6": 3303.127997,
  "2025-03-7": 0,
  "2025-03-8": 0
}