{
  "2025-03-2": 4838.21459,
  "2025-03-3": 2289.246333,
  "2025-03-4": 0,
  "2025-03-5": 0,
  "2025-03-6": 0,
  "2025-03-7": 0,
  "2025-03-8": 0
}