{
  "2025-03-30": 272.433544,
  "2025-04-1": 1868.99201,
  "2025-04-2": 4937.127611,
  "2025-04-3": 0,
  "2025-04-4": 0,
  "2025-04-5": 0
}