{
  "2025-03-30": 272.433544,
  "2025-04-1": 1868.99201,
  "2025-04-2": 7684.844031,
  "2025-04-3": 1677.26336,
  "2025-04-4": 661.353267,
  "2025-04-5": 0
}