{
  "2025-03-30": 272.433544,
  "2025-04-1": 1868.99201,
  "2025-04-2": 7684.844031,
  "2025-04-3": 726.732497,
  "2025-04-4": 0,
  "2025-04-5": 0
}