{
  "2025-06-1": 0,
  "2025-06-2": 0,
  "2025-06-3": 0,
  "2025-06-4": 2883.213923,
  "2025-06-5": 0,
  "2025-06-6": 0,
  "2025-06-7": 389.699765
}