{
  "2025-02-2": 11733.232362,
  "2025-02-3": 2149.506653,
  "2025-02-4": 0,
  "2025-02-5": 0,
  "2025-02-6": 0,
  "2025-02-7": 0,
  "2025-02-8": 0
}