{
  "2025-02-2": 11733.232362,
  "2025-02-3": 6948.825983,
  "2025-02-4": 3478.050979,
  "2025-02-5": 0,
  "2025-02-6": 0,
  "2025-02-7": 0,
  "2025-02-8": 0
}