{
  "2025-02-2": 11733.232362,
  "2025-02-3": 6948.825983,
  "2025-02-4": 6522.33743,
  "2025-02-5": 1860.536192,
  "2025-02-6": 0,
  "2025-02-7": 0,
  "2025-02-8": 0
}