{
  "2025-02-2": 11733.232362,
  "2025-02-3": 6948.825983,
  "2025-02-4": 6574.77343,
  "2025-02-5": 4835.948166,
  "2025-02-6": 129.29569,
  "2025-02-7": 0,
  "2025-02-8": 0
}