{
  "2023": 1436899.1181690001,
  "2024": 310234.0191830002
}