{
  "2023": 1436899.1181690001,
  "2024": 655163.5573450002
}