{
  "2023": 1436899.1181690001,
  "2024": 398519.64873300015
}