{
  "2023": 1436899.1181690001,
  "2024": 73036.878998
}