{
  "2023": 1436899.1181690001,
  "2024": 75108.489339
}