{
  "2023": 1436899.1181690001,
  "2024": 680414.3676900002
}