{
  "2023": 1436899.1181690001,
  "2024": 594010.2862630001
}