{
  "2023": 1436899.1181690001,
  "2024": 679964.5389480002
}