{
  "2023": 1436899.1181690001,
  "2024": 375450.56638800015
}