{
  "2023": 1436899.1181690001,
  "2024": 670568.7836740002
}