{
  "2023": 1436899.1181690001,
  "2024": 30443.388286999998
}