{
  "2023": 1436899.1181690001,
  "2024": 468562.834142
}