{
  "2023": 1436899.1181690001,
  "2024": 78699.51091900001
}