{
  "2023": 1436899.1181690001,
  "2024": 79241.02033500001
}