{
  "2023": 1436899.1181690001,
  "2024": 303051.7590220002
}