{
  "2023": 1436899.1181690001,
  "2024": 498342.24345000007
}