{
  "2023": 1436899.1181690001,
  "2024": 385549.91476200015
}