{
  "2023": 1436899.1181690001,
  "2024": 771370.7785090002
}