{
  "2023": 1436899.1181690001,
  "2024": 450412.9865950001
}