{
  "2023": 1436899.1181690001,
  "2024": 509374.52748300007
}