{
  "2023": 1436899.1181690001,
  "2024": 826383.5815280003
}