{
  "2023": 1436899.1181690001,
  "2024": 173623.41417800004
}