{
  "2023": 1436899.1181690001,
  "2024": 518344.30402800004
}