{
  "2023": 1436899.1181690001,
  "2024": 918115.7525940003
}