{
  "2023": 1436899.1181690001,
  "2024": 420111.44353800017
}