{
  "2023": 1436899.1181690001,
  "2024": 624393.6069049999
}