{
  "2023": 1436899.1181690001,
  "2024": 43611.999816999996
}