{
  "2023": 1436899.1181690001,
  "2024": 669453.4502490002
}