{
  "2023": 1436899.1181690001,
  "2024": 1026104.3539920003
}