{
  "2023": 1436899.1181690001,
  "2024": 373459.0258080002
}