{
  "2023": 1436899.1181690001,
  "2024": 1161546.7240100002
}