{
  "2023": 1436899.1181690001,
  "2024": 69169.114539
}