{
  "2023": 1436899.1181690001,
  "2024": 920678.9123890003
}