{
  "2023": 1436899.1181690001,
  "2024": 351662.0132570001
}