{
  "2023": 1436899.1181690001,
  "2024": 552347.9008030001
}