{
  "2023": 1436899.1181690001,
  "2024": 52726.220220999996
}