{
  "2023": 1436899.1181690001,
  "2024": 479855.71548300004
}