{
  "2023": 1436899.1181690001,
  "2024": 761003.8350580002
}