{
  "2023": 1436899.1181690001,
  "2024": 344079.5693170001
}