{
  "2023": 1436899.1181690001,
  "2024": 449405.5423740001
}