{
  "2023": 1436899.1181690001,
  "2024": 322349.30748400016
}