{
  "2023": 1436899.1181690001,
  "2024": 146696.30803800002
}