{
  "2023": 1436899.1181690001,
  "2024": 502173.6997190001
}