{
  "2023": 1436899.1181690001,
  "2024": 356032.8209190001
}