{
  "2023": 1436899.1181690001,
  "2024": 879203.6105080001
}