{
  "2023": 1436899.1181690001,
  "2024": 644382.4979450001
}