{
  "2023": 1436899.1181690001,
  "2024": 1159701.1263530003
}