{
  "2023": 1436899.1181690001,
  "2024": 430628.86281900015
}