{
  "2023": 1436899.1181690001,
  "2024": 1099650.3535560004
}