{
  "2023": 1436899.1181690001,
  "2024": 272049.1563370001
}