{
  "2023": 1436899.1181690001,
  "2024": 293232.18336200016
}