{
  "2023": 1436899.1181690001,
  "2024": 435367.76467500016
}