{
  "2023": 1436899.1181690001,
  "2024": 224307.74117300002
}