{
  "2023": 1436899.1181690001,
  "2024": 1144936.9731770004
}