{
  "2023": 1436899.1181690001,
  "2024": 1099530.0351880002
}