{
  "2023": 1436899.1181690001,
  "2024": 255820.34435100004
}