{
  "2023": 1436899.1181690001,
  "2024": 650661.3971850001
}