{
  "2023": 1436899.1181690001,
  "2024": 1122037.0644870002
}