{
  "2023": 1436899.1181690001,
  "2024": 348225.54416100006
}