{
  "2023": 1436899.1181690001,
  "2024": 447168.54766000016
}