{
  "2023": 1436899.1181690001,
  "2024": 599819.519326
}