{
  "2023": 1436899.1181690001,
  "2024": 867632.5073710002
}