{
  "2023": 1436899.1181690001,
  "2024": 188963.664301
}