{
  "2023": 1436899.1181690001,
  "2024": 860797.6640480002
}