{
  "2023": 1436899.1181690001,
  "2024": 672687.7443130002
}