{
  "2023": 1436899.1181690001,
  "2024": 332159.09445000015
}