{
  "2023": 1436899.1181690001,
  "2024": 318924.47412800015
}