{
  "2023": 1436899.1181690001,
  "2024": 847886.3580800003
}