{
  "2023": 1436899.1181690001,
  "2024": 1140804.9373350004
}