{
  "2023": 1436899.1181690001,
  "2024": 151279.63217800003
}