{
  "2023": 1436899.1181690001,
  "2024": 405576.12577100017
}