{
  "2023": 1436899.1181690001,
  "2024": 172351.09563100003
}