{
  "2023": 1436899.1181690001,
  "2024": 300601.4934690002
}