{
  "2023": 1436899.1181690001,
  "2024": 266826.26242100005
}