{
  "2023": 1436899.1181690001,
  "2024": 808514.8215980002
}