{
  "2023": 1436899.1181690001,
  "2024": 830050.5981290003
}