{
  "2023": 1436899.1181690001,
  "2024": 318550.35890300013
}