{
  "2023": 1436899.1181690001,
  "2024": 54470.243823
}