{
  "2023": 1436899.1181690001,
  "2024": 543569.1798650001
}