{
  "2023": 1436899.1181690001,
  "2024": 387217.33118700015
}