{
  "2023": 1436899.1181690001,
  "2024": 771340.3144650002
}