{
  "2023": 1436899.1181690001,
  "2024": 550116.4737430001
}