{
  "2023": 1436899.1181690001,
  "2024": 335556.18964400014
}