{
  "2023": 1436899.1181690001,
  "2024": 369244.9465640002
}