{
  "2023": 1436899.1181690001,
  "2024": 1132594.3641940004
}