{
  "2023": 1436899.1181690001,
  "2024": 588528.0124260001
}