{
  "2023": 1436899.1181690001,
  "2024": 158453.58897800004
}