{
  "2023": 1436899.1181690001,
  "2024": 929938.0050750002
}