{
  "2023": 1436899.1181690001,
  "2024": 665669.7747920003
}