{
  "2023": 1436899.1181690001,
  "2024": 1011395.9102500002
}