{
  "2023": 1436899.1181690001,
  "2024": 367948.3307160002
}