{
  "2023": 1436899.1181690001,
  "2024": 139003.296934
}