{
  "2023": 1436899.1181690001,
  "2024": 1073886.4218640004
}