{
  "2023": 1436899.1181690001,
  "2024": 451878.7486500001
}