{
  "2023": 1436899.1181690001,
  "2024": 685454.9718350002
}