{
  "2023": 1436899.1181690001,
  "2024": 679227.0621100002
}