{
  "2023": 1436899.1181690001,
  "2024": 922589.9532360003
}