{
  "2023": 1436899.1181690001,
  "2024": 445601.34767800017
}