{
  "2023": 1436899.1181690001,
  "2024": 309372.7214320002
}