{
  "2023": 1436899.1181690001,
  "2024": 369081.8256580002
}