{
  "2023": 1436899.1181690001,
  "2024": 456742.98952100007
}