{
  "2023": 1436899.1181690001,
  "2024": 274671.1100230001
}