{
  "2023": 1436899.1181690001,
  "2024": 368376.1291360002
}