{
  "2023": 1436899.1181690001,
  "2024": 369761.8312940002
}