{
  "2023": 1436899.1181690001,
  "2024": 450855.7803970001
}