{
  "2023": 1436899.1181690001,
  "2024": 633743.3087810001
}