{
  "2023": 1436899.1181690001,
  "2024": 39570.123766
}