{
  "2023": 1436899.1181690001,
  "2024": 545548.753382
}