{
  "2023": 1436899.1181690001,
  "2024": 244171.71111100004
}