{
  "2023": 1436899.1181690001,
  "2024": 902002.0708410003
}