{
  "2023": 1436899.1181690001,
  "2024": 322083.22179800016
}