{
  "2023": 1436899.1181690001,
  "2024": 304834.1316310002
}