{
  "2023": 1436899.1181690001,
  "2024": 1091681.2862400003
}