{
  "2023": 1436899.1181690001,
  "2024": 94857.73676700001
}