{
  "2023": 1436899.1181690001,
  "2024": 531906.4260040001
}