{
  "2023": 1436899.1181690001,
  "2024": 679657.4244930001
}