{
  "2023": 1436899.1181690001,
  "2024": 217185.341596
}