{
  "2023": 1436899.1181690001,
  "2024": 105322.53587800001
}