{
  "2023": 1436899.1181690001,
  "2024": 1059330.9256960002
}