{
  "2023": 1436899.1181690001,
  "2024": 191305.53447100002
}