{
  "2023": 1436899.1181690001,
  "2024": 947228.2270490003
}