{
  "2023": 1436899.1181690001,
  "2024": 402884.62485300016
}