{
  "2023": 1436899.1181690001,
  "2024": 706184.5639670002
}