{
  "2023": 1436899.1181690001,
  "2024": 831655.5578780002
}