{
  "2023": 1436899.1181690001,
  "2024": 1165710.1721700002
}