{
  "2023": 1436899.1181690001,
  "2024": 452999.85982700007
}