{
  "2023": 1436899.1181690001,
  "2024": 696794.9236820003
}