{
  "2023": 1436899.1181690001,
  "2024": 868451.8291040002
}