{
  "2023": 1436899.1181690001,
  "2024": 684330.0979840002
}