{
  "2023": 1436899.1181690001,
  "2024": 550458.7807430001
}