{
  "2023": 1436899.1181690001,
  "2024": 453029.23526700004
}