{
  "2023": 1436899.1181690001,
  "2024": 603864.6635939999
}