{
  "2023": 1436899.1181690001,
  "2024": 868670.3028140002
}