{
  "2023": 1436899.1181690001,
  "2024": 616043.1660269999
}