{
  "2023": 1436899.1181690001,
  "2024": 894699.9743730002
}