{
  "2023": 1436899.1181690001,
  "2024": 493093.28680500004
}