{
  "2023": 1436899.1181690001,
  "2024": 366418.32603600016
}