{
  "2023": 1436899.1181690001,
  "2024": 26154.544919999997
}