{
  "2023": 1436899.1181690001,
  "2024": 1062350.6014470004
}