{
  "2023": 1436899.1181690001,
  "2024": 1036946.1631430002
}