{
  "2023": 1436899.1181690001,
  "2024": 660144.7346700002
}