{
  "2023": 1436899.1181690001,
  "2024": 295415.24171100016
}