{
  "2023": 1436899.1181690001,
  "2024": 181127.13543500003
}