{
  "2023": 1436899.1181690001,
  "2024": 19216.770302999998
}