{
  "2023": 1436899.1181690001,
  "2024": 593565.475947
}