{
  "2023": 1436899.1181690001,
  "2024": 394459.07355800015
}