{
  "2023": 1436899.1181690001,
  "2024": 678605.0741010002
}