{
  "2023": 1436899.1181690001,
  "2024": 576881.2081630001
}