{
  "2023": 1436899.1181690001,
  "2024": 596779.187812
}