{
  "2023": 1436899.1181690001,
  "2024": 270361.05561200005
}