{
  "2023": 1436899.1181690001,
  "2024": 165708.26178500004
}