{
  "2023": 1436899.1181690001,
  "2024": 665979.8286350003
}