{
  "2023": 1436899.1181690001,
  "2024": 348095.11079600005
}