{
  "2023": 1436899.1181690001,
  "2024": 689808.5419880002
}