{
  "2023": 1436899.1181690001,
  "2024": 384318.93440200016
}