{
  "2023": 1436899.1181690001,
  "2024": 910030.3043940003
}