{
  "2023": 1436899.1181690001,
  "2024": 409480.3587580002
}