{
  "2023": 1436899.1181690001,
  "2024": 406270.32535700017
}