{
  "2023": 1436899.1181690001,
  "2024": 520315.2440260001
}