{
  "2023": 1436899.1181690001,
  "2024": 82906.61492100001
}