{
  "2023": 1436899.1181690001,
  "2024": 725868.4690330001
}