{
  "2023": 1436899.1181690001,
  "2024": 367869.43724700017
}