{
  "2023": 1436899.1181690001,
  "2024": 627314.351957
}