{
  "2023": 1436899.1181690001,
  "2024": 306264.1254990002
}