{
  "2023": 1436899.1181690001,
  "2024": 888912.6877170001
}