{
  "2023": 1436899.1181690001,
  "2024": 39764.414012999994
}