{
  "2023": 1436899.1181690001,
  "2024": 443899.37366900017
}