{
  "2023": 1436899.1181690001,
  "2024": 1060371.2273850003
}