{
  "2023": 1436899.1181690001,
  "2024": 414182.2530960002
}