{
  "2023": 1436899.1181690001,
  "2024": 646920.191922
}