{
  "2023": 1436899.1181690001,
  "2024": 559654.062477
}