{
  "2023": 1436899.1181690001,
  "2024": 901036.1103690004
}