{
  "2023": 1436899.1181690001,
  "2024": 650091.3907310001
}