{
  "2023": 1436899.1181690001,
  "2024": 703360.3475260002
}