{
  "2023": 1436899.1181690001,
  "2024": 223365.29560500002
}