{
  "2023": 1436899.1181690001,
  "2024": 1111163.3854490002
}