{
  "2023": 1436899.1181690001,
  "2024": 1165321.9990850003
}