{
  "2023": 1436899.1181690001,
  "2024": 649404.7214060001
}