{
  "2023": 1436899.1181690001,
  "2024": 21806.969962999996
}