{
  "2023": 1436899.1181690001,
  "2024": 747976.3137710001
}