{
  "2023": 1436899.1181690001,
  "2024": 696235.8957980002
}