{
  "2023": 1436899.1181690001,
  "2024": 1086755.8318250005
}