{
  "2023": 1436899.1181690001,
  "2024": 708339.6293250001
}