{
  "2023": 1436899.1181690001,
  "2024": 1141560.5368020004
}