{
  "2023": 1436899.1181690001,
  "2024": 385401.71046300017
}