{
  "2023": 1436899.1181690001,
  "2024": 701460.0484240003
}