{
  "2023": 1436899.1181690001,
  "2024": 28458.025224999998
}