{
  "2023": 1436899.1181690001,
  "2024": 662198.6283600002
}