{
  "2023": 1436899.1181690001,
  "2024": 524144.1245080001
}