{
  "2023": 1436899.1181690001,
  "2024": 235065.96851900002
}