{
  "2023": 1436899.1181690001,
  "2024": 677636.3144090002
}