{
  "2023": 1436899.1181690001,
  "2024": 1147716.8076700005
}