{
  "2023": 1436899.1181690001,
  "2024": 67258.790503
}