{
  "2023": 1436899.1181690001,
  "2024": 525385.5498680001
}