{
  "2023": 1436899.1181690001,
  "2024": 587108.8662040001
}