{
  "2023": 1436899.1181690001,
  "2024": 289802.5497650001
}