{
  "2023": 1436899.1181690001,
  "2024": 649572.7455620001
}