{
  "2023": 1436899.1181690001,
  "2024": 534042.6424090001
}