{
  "2023": 1436899.1181690001,
  "2024": 457489.56363000005
}