{
  "2023": 1436899.1181690001,
  "2024": 858097.4057360003
}