{
  "2023": 1436899.1181690001,
  "2024": 193570.87045600003
}