{
  "2023": 1436899.1181690001,
  "2024": 899170.0570860002
}