{
  "2023": 1436899.1181690001,
  "2024": 864554.5685760003
}