{
  "2023": 1436899.1181690001,
  "2024": 1065777.7472600003
}