{
  "2023": 1436899.1181690001,
  "2024": 919754.0151560003
}