{
  "2023": 1436899.1181690001,
  "2024": 989016.7608330003
}