{
  "2023": 1436899.1181690001,
  "2024": 367979.95336900017
}