{
  "2023": 1436899.1181690001,
  "2024": 17192.386845999998
}