{
  "2023": 1436899.1181690001,
  "2024": 664028.0276210002
}