{
  "2023": 1436899.1181690001,
  "2024": 315944.41610800015
}