{
  "2023": 1436899.1181690001,
  "2024": 729673.332795
}