{
  "2023": 1436899.1181690001,
  "2024": 76023.60740800001
}