{
  "2023": 1436899.1181690001,
  "2024": 938401.1555680003
}