{
  "2023": 1436899.1181690001,
  "2024": 783915.1784300002
}