{
  "2023": 1436899.1181690001,
  "2024": 1155381.6165370003
}