{
  "2023": 1436899.1181690001,
  "2024": 966026.8757880003
}