{
  "2023": 1436899.1181690001,
  "2024": 549870.180027
}