{
  "2023": 1436899.1181690001,
  "2024": 702500.6818020003
}