{
  "2023": 1436899.1181690001,
  "2024": 717959.1098180001
}