{
  "2023": 1436899.1181690001,
  "2024": 578799.2888770001
}