{
  "2023": 1436899.1181690001,
  "2024": 133644.621151
}