{
  "2023": 1436899.1181690001,
  "2024": 801348.2000560003
}