{
  "2023": 1436899.1181690001,
  "2024": 449339.6427040002
}