{
  "2023": 1436899.1181690001,
  "2024": 1095231.2971620003
}