{
  "2023": 1436899.1181690001,
  "2024": 874788.7433220001
}