{
  "2023": 1436899.1181690001,
  "2024": 671740.7323560002
}