{
  "2023": 1436899.1181690001,
  "2024": 382295.13308600016
}