{
  "2023": 1436899.1181690001,
  "2024": 357019.6998120001
}