{
  "2023": 1436899.1181690001,
  "2024": 1128006.2422150003
}