{
  "2023": 1436899.1181690001,
  "2024": 94865.20036100001
}