{
  "2023": 1436899.1181690001,
  "2024": 280188.0390310001
}