{
  "2023": 1436899.1181690001,
  "2024": 1122815.1603960004
}