{
  "2023": 1436899.1181690001,
  "2024": 146883.64245500002
}