{
  "2023": 1436899.1181690001,
  "2024": 361298.6192100001
}