{
  "2023": 1436899.1181690001,
  "2024": 668737.5635920002
}