{
  "2023": 1436899.1181690001,
  "2024": 1167029.8824770001
}