{
  "2023": 1436899.1181690001,
  "2024": 268296.1042640001
}