{
  "2023": 1436899.1181690001,
  "2024": 913137.5535120004
}