{
  "2023": 1436899.1181690001,
  "2024": 669324.5816020002
}