{
  "2023": 1436899.1181690001,
  "2024": 213728.127054
}