{
  "2023": 1436899.1181690001,
  "2024": 441576.5314120001
}