{
  "2023": 1436899.1181690001,
  "2024": 119871.836517
}