{
  "2023": 1436899.1181690001,
  "2024": 471473.11656
}