{
  "2023": 1436899.1181690001,
  "2024": 512694.1977690001
}